timestamp,usage_pct,next_reset_sofia,spare_capacity,threshold_alert
2026-06-10T18:50:36,11,2026-06-10 23:41 Sofia,true,
2026-06-10T19:01:52,18,2026-06-10 23:41 Sofia,true,
2026-06-10T19:11:56,18,2026-06-10 23:41 Sofia,true,
2026-06-10T19:22:00,18,2026-06-10 23:41 Sofia,true,
2026-06-10T19:32:04,18,2026-06-10 23:41 Sofia,true,
2026-06-10T19:42:09,18,2026-06-10 23:41 Sofia,true,
2026-06-10T19:52:14,18,2026-06-10 23:41 Sofia,true,
2026-06-10T20:02:18,18,2026-06-10 23:41 Sofia,true,
2026-06-10T20:12:26,18,2026-06-10 23:41 Sofia,true,
2026-06-10T20:22:36,23,2026-06-10 23:41 Sofia,true,
2026-06-10T20:32:40,23,2026-06-10 23:41 Sofia,true,
2026-06-10T20:42:43,23,2026-06-10 23:41 Sofia,true,
2026-06-10T20:52:47,23,2026-06-10 23:41 Sofia,true,
2026-06-10T21:02:51,23,2026-06-10 23:41 Sofia,true,
2026-06-10T21:12:55,23,2026-06-10 23:41 Sofia,true,
2026-06-10T21:22:58,23,2026-06-10 23:41 Sofia,true,
2026-06-10T21:33:02,23,2026-06-10 23:41 Sofia,true,
2026-06-10T21:43:05,27,2026-06-10 23:41 Sofia,true,
2026-06-10T21:53:09,29,2026-06-10 23:41 Sofia,true,
2026-06-10T22:03:14,29,2026-06-10 23:41 Sofia,true,
2026-06-10T22:13:17,29,2026-06-10 23:41 Sofia,true,
2026-06-10T22:23:20,29,2026-06-10 23:41 Sofia,true,
2026-06-10T22:33:24,29,2026-06-10 23:41 Sofia,true,
2026-06-10T22:43:26,29,2026-06-10 23:41 Sofia,true,
2026-06-10T22:53:30,29,2026-06-10 23:41 Sofia,true,
2026-06-11T00:10:11,20,2026-06-11 04:41 Sofia,true,
2026-06-11T00:20:13,20,2026-06-11 04:41 Sofia,true,
2026-06-11T00:30:16,20,2026-06-11 04:41 Sofia,true,
2026-06-11T00:40:20,20,2026-06-11 04:41 Sofia,true,
2026-06-11T00:50:22,20,2026-06-11 04:41 Sofia,true,
2026-06-11T01:11:02,27,2026-06-11 04:41 Sofia,true,
2026-06-11T01:21:05,27,2026-06-11 04:41 Sofia,true,
2026-06-11T01:31:07,27,2026-06-11 04:41 Sofia,true,
2026-06-11T01:41:10,27,2026-06-11 04:41 Sofia,true,
2026-06-11T01:51:13,27,2026-06-11 04:41 Sofia,true,
2026-06-11T10:27:07,25,2026-06-11 15:00 Sofia,true,
2026-06-11T11:14:51,99,2026-06-11 15:00 Sofia,false,95
2026-06-11T11:24:55,100,2026-06-11 15:00 Sofia,false,
2026-06-11T11:35:20,100,2026-06-11 15:00 Sofia,false,
2026-06-11T11:45:22,100,2026-06-11 15:00 Sofia,false,
2026-06-11T11:55:25,100,2026-06-11 15:00 Sofia,false,
2026-06-11T12:05:52,100,2026-06-11 15:00 Sofia,false,
2026-06-11T12:15:54,100,2026-06-11 15:00 Sofia,false,
2026-06-11T12:25:57,100,2026-06-11 15:00 Sofia,false,
2026-06-11T12:36:15,100,2026-06-11 15:00 Sofia,false,
2026-06-11T12:46:18,100,2026-06-11 15:00 Sofia,false,
2026-06-11T12:56:21,100,2026-06-11 15:00 Sofia,false,
2026-06-11T13:06:49,100,2026-06-11 15:00 Sofia,false,
2026-06-11T13:16:52,100,2026-06-11 15:00 Sofia,false,
2026-06-11T13:26:55,100,2026-06-11 15:00 Sofia,false,
2026-06-11T13:37:07,100,2026-06-11 15:00 Sofia,false,
2026-06-11T13:47:10,100,2026-06-11 15:00 Sofia,false,
2026-06-11T13:57:14,100,2026-06-11 15:00 Sofia,false,
2026-06-11T14:07:42,100,2026-06-11 15:00 Sofia,false,
2026-06-11T14:17:45,100,2026-06-11 15:00 Sofia,false,
2026-06-11T14:27:48,100,2026-06-11 15:00 Sofia,false,
2026-06-11T14:38:20,100,2026-06-11 15:00 Sofia,false,
2026-06-11T14:48:22,100,2026-06-11 15:00 Sofia,false,
2026-06-11T14:58:25,100,2026-06-11 15:00 Sofia,false,
2026-06-11T15:08:53,1,2026-06-11 20:01 Sofia,true,
2026-06-11T15:18:57,13,2026-06-11 20:01 Sofia,true,
2026-06-11T15:29:02,32,2026-06-11 20:01 Sofia,true,
2026-06-12T02:33:18,46,2026-06-12 06:01 Sofia,true,
2026-06-12T02:44:01,46,2026-06-12 06:01 Sofia,true,
2026-06-12T13:02:03,100,2026-06-12 16:01 Sofia,false,95
2026-06-12T13:12:21,100,2026-06-12 16:01 Sofia,false,
2026-06-12T13:22:38,100,2026-06-12 16:01 Sofia,false,
2026-06-12T13:32:57,100,2026-06-12 16:01 Sofia,false,
2026-06-12T13:43:14,100,2026-06-12 16:01 Sofia,false,
2026-06-12T13:53:30,100,2026-06-12 16:01 Sofia,false,
2026-06-12T14:03:58,100,2026-06-12 16:01 Sofia,false,
2026-06-12T14:14:29,100,2026-06-12 16:01 Sofia,false,
2026-06-12T14:24:57,100,2026-06-12 16:01 Sofia,false,
2026-06-12T14:35:12,100,2026-06-12 16:01 Sofia,false,
2026-06-12T14:45:27,100,2026-06-12 16:01 Sofia,false,
2026-06-12T14:55:43,100,2026-06-12 16:01 Sofia,false,
2026-06-12T15:06:01,100,2026-06-12 16:01 Sofia,false,
2026-06-12T15:16:17,100,2026-06-12 16:01 Sofia,false,
2026-06-12T15:26:33,100,2026-06-12 16:01 Sofia,false,
2026-06-12T15:36:56,100,2026-06-12 16:01 Sofia,false,
2026-06-12T15:47:14,100,2026-06-12 16:01 Sofia,false,
2026-06-12T15:57:40,100,2026-06-12 16:01 Sofia,false,
2026-06-12T16:08:14,1,2026-06-12 21:01 Sofia,true,
2026-06-12T16:18:25,1,2026-06-12 21:01 Sofia,true,
2026-06-12T16:49:57,18,2026-06-12 21:01 Sofia,true,
2026-06-12T17:15:28,41,2026-06-12 21:01 Sofia,true,
2026-06-12T17:53:29,86,2026-06-12 21:01 Sofia,false,80
2026-06-12T18:04:20,91,2026-06-12 21:01 Sofia,false,
2026-06-12T18:15:11,92,2026-06-12 21:01 Sofia,false,
2026-06-12T18:25:58,92,2026-06-12 21:01 Sofia,false,
2026-06-12T18:36:48,92,2026-06-12 21:01 Sofia,false,
2026-06-12T18:47:31,92,2026-06-12 21:01 Sofia,false,
2026-06-12T18:58:19,92,2026-06-12 21:01 Sofia,false,
2026-06-12T19:09:07,92,2026-06-12 21:01 Sofia,false,
2026-06-12T19:19:53,92,2026-06-12 21:01 Sofia,false,
2026-06-12T19:30:38,92,2026-06-12 21:01 Sofia,false,
2026-06-12T19:42:06,92,2026-06-12 21:01 Sofia,false,
2026-06-12T19:52:54,92,2026-06-12 21:01 Sofia,false,
2026-06-12T20:03:40,92,2026-06-12 21:01 Sofia,false,
2026-06-12T20:14:24,92,2026-06-12 21:01 Sofia,false,
2026-06-12T20:25:10,92,2026-06-12 21:01 Sofia,false,
2026-06-12T20:35:55,92,2026-06-12 21:01 Sofia,false,
2026-06-12T20:46:44,92,2026-06-12 21:01 Sofia,false,
2026-06-12T20:57:30,92,2026-06-12 21:01 Sofia,false,
2026-06-12T21:08:14,0,unknown,true,
2026-06-12T21:19:06,1,2026-06-13 02:10 Sofia,true,
2026-06-12T21:29:56,1,2026-06-13 02:10 Sofia,true,
2026-06-12T21:43:02,2,2026-06-13 02:10 Sofia,true,
2026-06-12T21:53:34,7,2026-06-13 02:10 Sofia,true,
2026-06-12T22:03:43,10,2026-06-13 02:10 Sofia,true,
2026-06-12T22:14:04,26,2026-06-13 02:10 Sofia,true,
2026-06-12T22:24:12,35,2026-06-13 02:10 Sofia,true,
2026-06-13T03:46:31,78,2026-06-13 07:10 Sofia,true,
2026-06-13T03:59:46,82,2026-06-13 07:10 Sofia,true,80
2026-06-13T04:09:51,82,2026-06-13 07:10 Sofia,true,
2026-06-13T04:21:35,82,2026-06-13 07:10 Sofia,true,
2026-06-13T04:32:41,82,2026-06-13 07:10 Sofia,true,
2026-06-13T04:43:37,82,2026-06-13 07:10 Sofia,true,
2026-06-13T04:54:29,82,2026-06-13 07:10 Sofia,true,
2026-06-13T05:05:23,82,2026-06-13 07:10 Sofia,true,
2026-06-13T05:16:13,82,2026-06-13 07:10 Sofia,true,
2026-06-13T05:27:05,82,2026-06-13 07:10 Sofia,true,
2026-06-13T05:37:58,82,2026-06-13 07:10 Sofia,true,
2026-06-13T05:48:52,82,2026-06-13 07:10 Sofia,true,
2026-06-13T05:59:47,82,2026-06-13 07:10 Sofia,true,
2026-06-13T06:10:38,83,2026-06-13 07:10 Sofia,true,
2026-06-13T06:22:21,83,2026-06-13 07:10 Sofia,true,
2026-06-13T06:33:18,83,2026-06-13 07:10 Sofia,true,
2026-06-13T06:44:11,83,2026-06-13 07:10 Sofia,true,
2026-06-13T06:55:03,83,2026-06-13 07:10 Sofia,true,
2026-06-13T07:05:57,83,2026-06-13 07:10 Sofia,true,
2026-06-13T07:45:23,21,2026-06-13 12:11 Sofia,true,
2026-06-13T07:55:36,32,2026-06-13 12:11 Sofia,true,
2026-06-13T08:05:41,37,2026-06-13 12:11 Sofia,true,
2026-06-13T08:16:02,40,2026-06-13 12:11 Sofia,true,
2026-06-13T08:26:07,47,2026-06-13 12:11 Sofia,true,
2026-06-13T08:36:46,49,2026-06-13 12:11 Sofia,true,
2026-06-13T08:47:47,50,2026-06-13 12:11 Sofia,true,
2026-06-13T08:57:57,61,2026-06-13 12:11 Sofia,true,
2026-06-13T09:08:50,73,2026-06-13 12:11 Sofia,false,
2026-06-13T09:19:34,99,2026-06-13 12:11 Sofia,false,95
2026-06-13T09:30:35,99,2026-06-13 12:11 Sofia,false,
2026-06-13T09:42:16,99,2026-06-13 12:11 Sofia,false,
2026-06-13T09:53:09,100,2026-06-13 12:11 Sofia,false,
2026-06-13T10:03:23,100,2026-06-13 12:11 Sofia,false,
2026-06-13T10:13:55,100,2026-06-13 12:11 Sofia,false,
2026-06-13T10:24:28,100,2026-06-13 12:11 Sofia,false,
2026-06-13T10:34:53,100,2026-06-13 12:11 Sofia,false,
2026-06-13T10:45:21,100,2026-06-13 12:11 Sofia,false,
2026-06-13T10:55:49,100,2026-06-13 12:11 Sofia,false,
2026-06-13T11:06:19,100,2026-06-13 12:11 Sofia,false,
2026-06-13T11:16:52,100,2026-06-13 12:11 Sofia,false,
2026-06-13T11:27:23,100,2026-06-13 12:11 Sofia,false,
2026-06-13T11:37:57,100,2026-06-13 12:11 Sofia,false,
2026-06-13T11:48:26,100,2026-06-13 12:11 Sofia,false,
2026-06-13T11:58:58,100,2026-06-13 12:11 Sofia,false,
2026-06-13T12:09:31,100,2026-06-13 12:11 Sofia,false,
2026-06-13T12:21:21,1,2026-06-13 17:11 Sofia,true,
2026-06-13T13:56:51,43,2026-06-13 17:11 Sofia,true,
2026-06-13T14:51:12,88,2026-06-13 17:11 Sofia,false,80
2026-06-13T15:02:09,89,2026-06-13 17:11 Sofia,false,
2026-06-13T15:13:09,89,2026-06-13 17:11 Sofia,false,
2026-06-13T15:24:12,89,2026-06-13 17:11 Sofia,false,
2026-06-13T15:35:08,89,2026-06-13 17:11 Sofia,false,
2026-06-13T15:46:11,89,2026-06-13 17:11 Sofia,false,
2026-06-13T15:57:10,89,2026-06-13 17:11 Sofia,false,
2026-06-13T16:07:14,89,2026-06-13 17:11 Sofia,false,
2026-06-13T16:18:12,89,2026-06-13 17:11 Sofia,false,
2026-06-13T16:28:35,89,2026-06-13 17:11 Sofia,false,
2026-06-13T16:39:32,92,2026-06-13 17:11 Sofia,false,
2026-06-13T16:50:29,100,2026-06-13 17:11 Sofia,false,95
2026-06-13T17:02:22,100,2026-06-13 17:11 Sofia,false,
2026-06-13T17:13:00,1,2026-06-13 22:11 Sofia,true,
2026-06-13T18:12:45,18,2026-06-13 22:11 Sofia,true,
2026-06-13T18:54:11,28,2026-06-13 22:11 Sofia,true,
2026-06-13T19:24:13,37,2026-06-13 22:11 Sofia,true,
2026-06-13T19:34:26,38,2026-06-13 22:11 Sofia,true,
2026-06-13T20:52:43,72,2026-06-13 22:11 Sofia,false,
2026-06-13T21:55:31,100,2026-06-13 22:11 Sofia,false,95
2026-06-13T22:05:59,100,2026-06-13 22:11 Sofia,false,
2026-06-13T22:16:35,1,2026-06-14 03:11 Sofia,true,
2026-06-14T00:17:40,62,2026-06-14 03:11 Sofia,true,
2026-06-14T00:53:01,73,2026-06-14 03:11 Sofia,true,
2026-06-14T01:32:51,100,2026-06-14 03:11 Sofia,false,95
2026-06-14T01:43:18,100,2026-06-14 03:11 Sofia,false,
2026-06-14T01:53:45,100,2026-06-14 03:11 Sofia,false,
2026-06-14T02:04:08,100,2026-06-14 03:11 Sofia,false,
2026-06-14T02:14:29,100,2026-06-14 03:11 Sofia,false,
2026-06-14T02:24:52,100,2026-06-14 03:11 Sofia,false,
2026-06-14T02:35:00,100,2026-06-14 03:11 Sofia,false,
2026-06-14T02:45:22,100,2026-06-14 03:11 Sofia,false,
2026-06-14T02:55:46,100,2026-06-14 03:11 Sofia,false,
2026-06-14T03:06:12,100,2026-06-14 03:11 Sofia,false,
2026-06-14T03:16:45,1,2026-06-14 08:11 Sofia,true,
2026-06-14T03:55:23,13,2026-06-14 08:11 Sofia,true,
2026-06-14T04:37:44,24,2026-06-14 08:11 Sofia,true,
2026-06-14T05:14:17,40,2026-06-14 08:11 Sofia,true,
2026-06-14T07:12:51,100,2026-06-14 08:11 Sofia,false,95
2026-06-14T07:23:17,100,2026-06-14 08:11 Sofia,false,
2026-06-14T07:33:50,100,2026-06-14 08:11 Sofia,false,
2026-06-14T07:44:16,100,2026-06-14 08:11 Sofia,false,
2026-06-14T07:54:51,100,2026-06-14 08:11 Sofia,false,
2026-06-14T08:05:24,100,2026-06-14 08:11 Sofia,false,
2026-06-14T08:15:31,1,2026-06-14 13:11 Sofia,true,
2026-06-14T09:17:20,41,2026-06-14 13:11 Sofia,true,
2026-06-14T09:50:03,100,2026-06-14 13:11 Sofia,false,95
2026-06-14T10:01:57,100,2026-06-14 13:11 Sofia,false,
2026-06-14T10:13:26,100,2026-06-14 13:11 Sofia,false,
2026-06-14T10:23:53,100,2026-06-14 13:11 Sofia,false,
2026-06-14T10:34:24,100,2026-06-14 13:11 Sofia,false,
2026-06-14T10:44:54,100,2026-06-14 13:11 Sofia,false,
2026-06-14T10:55:07,100,2026-06-14 13:11 Sofia,false,
2026-06-14T11:05:41,100,2026-06-14 13:11 Sofia,false,
2026-06-14T11:16:16,100,2026-06-14 13:11 Sofia,false,
2026-06-14T11:26:46,100,2026-06-14 13:11 Sofia,false,
2026-06-14T11:37:14,100,2026-06-14 13:11 Sofia,false,
2026-06-14T11:47:46,100,2026-06-14 13:11 Sofia,false,
2026-06-14T11:58:24,100,2026-06-14 13:11 Sofia,false,
2026-06-14T12:08:52,100,2026-06-14 13:11 Sofia,false,
2026-06-14T12:19:31,100,2026-06-14 13:11 Sofia,false,
2026-06-14T12:29:58,100,2026-06-14 13:11 Sofia,false,
2026-06-14T12:41:54,100,2026-06-14 13:11 Sofia,false,
2026-06-14T12:53:22,100,2026-06-14 13:11 Sofia,false,
2026-06-14T13:03:48,100,2026-06-14 13:11 Sofia,false,
2026-06-14T13:14:23,1,2026-06-14 18:11 Sofia,true,
2026-06-14T14:41:23,56,2026-06-14 18:11 Sofia,true,
2026-06-14T14:54:15,59,2026-06-14 18:11 Sofia,true,
2026-06-14T15:37:35,76,2026-06-14 18:11 Sofia,false,
2026-06-14T15:47:40,82,2026-06-14 18:11 Sofia,false,80
2026-06-14T15:57:57,87,2026-06-14 18:11 Sofia,false,
2026-06-14T16:08:18,87,2026-06-14 18:11 Sofia,false,
2026-06-14T16:18:26,87,2026-06-14 18:11 Sofia,false,
2026-06-14T16:28:34,87,2026-06-14 18:11 Sofia,false,
2026-06-14T16:39:34,87,2026-06-14 18:11 Sofia,false,
2026-06-14T16:49:38,88,2026-06-14 18:11 Sofia,false,
2026-06-14T17:01:21,88,2026-06-14 18:11 Sofia,false,
2026-06-14T17:12:20,88,2026-06-14 18:11 Sofia,false,
2026-06-14T17:23:20,88,2026-06-14 18:11 Sofia,false,
2026-06-14T17:34:15,88,2026-06-14 18:11 Sofia,false,
2026-06-14T17:44:36,88,2026-06-14 18:11 Sofia,false,
2026-06-14T17:55:10,88,2026-06-14 18:11 Sofia,false,
2026-06-14T18:05:32,88,2026-06-14 18:11 Sofia,false,
2026-06-14T18:15:37,1,2026-06-14 23:11 Sofia,true,
2026-06-14T18:26:06,1,2026-06-14 23:11 Sofia,true,
2026-06-14T18:49:56,3,2026-06-14 23:11 Sofia,true,
2026-06-14T19:45:42,57,2026-06-14 23:11 Sofia,true,
2026-06-14T19:56:19,63,2026-06-14 23:11 Sofia,true,
2026-06-14T20:06:28,67,2026-06-14 23:11 Sofia,true,
2026-06-14T20:16:57,69,2026-06-14 23:11 Sofia,true,
2026-06-14T20:46:22,77,2026-06-14 23:11 Sofia,false,
2026-06-14T20:56:39,79,2026-06-14 23:11 Sofia,false,
2026-06-14T21:46:36,100,2026-06-14 23:11 Sofia,false,95
2026-06-14T21:57:07,100,2026-06-14 23:11 Sofia,false,
2026-06-14T22:07:32,100,2026-06-14 23:11 Sofia,false,
2026-06-14T22:17:58,100,2026-06-14 23:11 Sofia,false,
2026-06-14T22:28:29,100,2026-06-14 23:11 Sofia,false,
2026-06-14T22:38:59,100,2026-06-14 23:11 Sofia,false,
2026-06-14T22:49:25,100,2026-06-14 23:11 Sofia,false,
2026-06-14T22:59:36,100,2026-06-14 23:11 Sofia,false,
2026-06-14T23:10:00,100,2026-06-14 23:11 Sofia,false,
2026-06-14T23:22:16,1,2026-06-15 04:11 Sofia,true,
2026-06-14T23:24:57,4,2026-06-15 04:11 Sofia,true,
2026-06-14T23:35:34,9,2026-06-15 04:11 Sofia,true,
2026-06-15T00:25:44,29,2026-06-15 04:11 Sofia,true,
2026-06-15T00:36:30,31,2026-06-15 04:11 Sofia,true,
2026-06-15T00:47:29,32,2026-06-15 04:11 Sofia,true,
2026-06-15T00:58:25,37,2026-06-15 04:11 Sofia,true,
2026-06-15T01:08:43,41,2026-06-15 04:11 Sofia,true,
2026-06-15T01:19:03,46,2026-06-15 04:11 Sofia,true,
2026-06-15T01:30:07,51,2026-06-15 04:11 Sofia,true,
2026-06-15T02:19:11,58,2026-06-15 04:11 Sofia,true,
2026-06-15T02:30:13,60,2026-06-15 04:11 Sofia,true,
2026-06-15T02:45:32,62,2026-06-15 04:11 Sofia,true,
2026-06-15T02:55:43,63,2026-06-15 04:11 Sofia,true,
2026-06-15T03:06:31,64,2026-06-15 04:11 Sofia,true,
2026-06-15T03:17:16,64,2026-06-15 04:11 Sofia,true,
2026-06-15T03:28:05,65,2026-06-15 04:11 Sofia,true,
2026-06-15T03:38:36,66,2026-06-15 04:11 Sofia,true,
2026-06-15T03:49:14,67,2026-06-15 04:11 Sofia,true,
2026-06-15T03:59:52,68,2026-06-15 04:11 Sofia,true,
2026-06-15T04:10:53,69,2026-06-15 04:11 Sofia,true,
2026-06-15T04:46:00,5,2026-06-15 09:11 Sofia,true,
2026-06-15T04:56:05,6,2026-06-15 09:11 Sofia,true,
2026-06-15T05:25:36,10,2026-06-15 09:11 Sofia,true,
2026-06-15T05:36:31,11,2026-06-15 09:11 Sofia,true,
2026-06-15T05:46:44,12,2026-06-15 09:11 Sofia,true,
2026-06-15T05:57:04,12,2026-06-15 09:11 Sofia,true,
2026-06-15T06:08:11,13,2026-06-15 09:11 Sofia,true,
2026-06-15T06:18:48,13,2026-06-15 09:11 Sofia,true,
2026-06-15T06:29:18,14,2026-06-15 09:11 Sofia,true,
2026-06-15T06:42:57,15,2026-06-15 09:11 Sofia,true,
2026-06-15T06:56:55,15,2026-06-15 09:11 Sofia,true,
2026-06-15T07:08:03,16,2026-06-15 09:11 Sofia,true,
2026-06-15T07:19:04,17,2026-06-15 09:11 Sofia,true,
2026-06-15T07:29:48,18,2026-06-15 09:11 Sofia,true,
2026-06-15T07:45:51,20,2026-06-15 09:11 Sofia,true,
2026-06-15T07:56:16,20,2026-06-15 09:11 Sofia,true,
2026-06-15T08:07:17,22,2026-06-15 09:11 Sofia,true,
2026-06-15T08:17:51,27,2026-06-15 09:11 Sofia,true,
2026-06-15T09:18:52,5,2026-06-15 14:11 Sofia,true,
2026-06-15T10:43:17,100,2026-06-15 14:11 Sofia,false,95
2026-06-15T10:53:43,100,2026-06-15 14:11 Sofia,false,
2026-06-15T11:04:06,100,2026-06-15 14:11 Sofia,false,
2026-06-15T11:14:29,100,2026-06-15 14:11 Sofia,false,
2026-06-15T11:24:56,100,2026-06-15 14:11 Sofia,false,
2026-06-15T11:35:18,100,2026-06-15 14:11 Sofia,false,
2026-06-15T11:46:16,100,2026-06-15 14:11 Sofia,false,
2026-06-15T11:56:40,100,2026-06-15 14:11 Sofia,false,
2026-06-15T12:07:03,100,2026-06-15 14:11 Sofia,false,
2026-06-15T12:17:32,100,2026-06-15 14:11 Sofia,false,
2026-06-15T12:27:57,100,2026-06-15 14:11 Sofia,false,
2026-06-15T12:38:23,100,2026-06-15 14:11 Sofia,false,
2026-06-15T12:48:49,100,2026-06-15 14:11 Sofia,false,
2026-06-15T12:59:01,100,2026-06-15 14:11 Sofia,false,
2026-06-15T13:09:15,100,2026-06-15 14:11 Sofia,false,
2026-06-15T13:19:36,100,2026-06-15 14:11 Sofia,false,
2026-06-15T13:29:52,100,2026-06-15 14:11 Sofia,false,
2026-06-15T13:42:15,100,2026-06-15 14:11 Sofia,false,
2026-06-15T13:53:09,100,2026-06-15 14:11 Sofia,false,
2026-06-15T14:03:24,100,2026-06-15 14:11 Sofia,false,
2026-06-15T14:14:08,1,2026-06-15 19:12 Sofia,true,
2026-06-15T14:25:35,1,2026-06-15 19:12 Sofia,true,
2026-06-15T14:36:33,1,2026-06-15 19:12 Sofia,true,
2026-06-15T14:46:42,1,2026-06-15 19:12 Sofia,true,
2026-06-15T14:59:02,3,2026-06-15 19:12 Sofia,true,
2026-06-15T15:09:38,4,2026-06-15 19:12 Sofia,true,
2026-06-15T16:11:18,25,2026-06-15 19:12 Sofia,true,
2026-06-15T16:48:43,36,2026-06-15 19:12 Sofia,true,
2026-06-15T16:59:10,37,2026-06-15 19:12 Sofia,true,
2026-06-15T17:09:25,38,2026-06-15 19:12 Sofia,true,
2026-06-15T17:19:31,40,2026-06-15 19:12 Sofia,true,
2026-06-15T17:29:38,42,2026-06-15 19:12 Sofia,true,
2026-06-15T17:39:44,45,2026-06-15 19:12 Sofia,true,
2026-06-15T17:49:50,46,2026-06-15 19:12 Sofia,true,
2026-06-15T17:59:56,46,2026-06-15 19:12 Sofia,true,
2026-06-15T18:10:02,46,2026-06-15 19:12 Sofia,true,
2026-06-15T18:20:08,46,2026-06-15 19:12 Sofia,true,
2026-06-15T18:30:14,47,2026-06-15 19:12 Sofia,true,
2026-06-15T18:41:46,51,2026-06-15 19:12 Sofia,true,
2026-06-15T18:54:24,54,2026-06-15 19:12 Sofia,true,
2026-06-15T19:04:43,60,2026-06-15 19:12 Sofia,true,
2026-06-15T19:18:03,2,2026-06-16 00:12 Sofia,true,
2026-06-15T19:28:24,6,2026-06-16 00:12 Sofia,true,
2026-06-15T19:38:53,9,2026-06-16 00:12 Sofia,true,
2026-06-15T19:49:06,13,2026-06-16 00:12 Sofia,true,
2026-06-15T20:01:46,18,2026-06-16 00:12 Sofia,true,
2026-06-15T20:15:15,20,2026-06-16 00:12 Sofia,true,
2026-06-15T23:54:21,97,2026-06-16 00:12 Sofia,false,95
2026-06-16T00:05:18,100,2026-06-16 00:12 Sofia,false,
2026-06-16T00:16:18,1,2026-06-16 05:14 Sofia,true,
2026-06-16T02:34:52,53,2026-06-16 05:14 Sofia,true,
2026-06-16T03:15:07,58,2026-06-16 05:14 Sofia,true,
2026-06-16T03:44:23,60,2026-06-16 05:14 Sofia,true,
2026-06-16T03:55:06,61,2026-06-16 05:14 Sofia,true,
2026-06-16T04:38:42,64,2026-06-16 05:14 Sofia,true,
2026-06-16T04:49:39,65,2026-06-16 05:14 Sofia,true,
2026-06-16T04:59:48,65,2026-06-16 05:14 Sofia,true,
2026-06-16T05:10:32,65,2026-06-16 05:14 Sofia,true,
2026-06-16T05:25:43,1,2026-06-16 10:14 Sofia,true,
2026-06-16T05:36:18,1,2026-06-16 10:14 Sofia,true,
2026-06-16T05:47:00,1,2026-06-16 10:14 Sofia,true,
2026-06-16T05:57:41,1,2026-06-16 10:14 Sofia,true,
2026-06-16T06:08:43,1,2026-06-16 10:14 Sofia,true,
2026-06-16T06:18:57,1,2026-06-16 10:14 Sofia,true,
2026-06-16T06:29:56,1,2026-06-16 10:14 Sofia,true,
2026-06-16T06:42:51,1,2026-06-16 10:14 Sofia,true,
2026-06-16T06:53:34,1,2026-06-16 10:14 Sofia,true,
2026-06-16T07:04:13,1,2026-06-16 10:14 Sofia,true,
2026-06-16T07:14:36,2,2026-06-16 10:14 Sofia,true,
2026-06-16T08:50:47,20,2026-06-16 10:14 Sofia,true,
2026-06-16T09:02:47,20,2026-06-16 10:14 Sofia,true,
2026-06-16T09:13:26,20,2026-06-16 10:14 Sofia,true,
2026-06-16T09:23:52,20,2026-06-16 10:14 Sofia,true,
2026-06-16T09:34:27,20,2026-06-16 10:14 Sofia,true,
2026-06-16T09:45:29,20,2026-06-16 10:14 Sofia,true,
2026-06-16T09:56:04,20,2026-06-16 10:14 Sofia,true,
2026-06-16T10:06:55,20,2026-06-16 10:14 Sofia,true,
2026-06-16T10:17:37,0,unknown,true,
2026-06-16T10:28:10,1,2026-06-16 15:18 Sofia,true,
2026-06-16T10:38:39,1,2026-06-16 15:18 Sofia,true,
2026-06-16T10:49:04,1,2026-06-16 15:18 Sofia,true,
2026-06-16T10:59:32,1,2026-06-16 15:18 Sofia,true,
2026-06-16T11:09:38,1,2026-06-16 15:18 Sofia,true,
2026-06-16T11:19:50,1,2026-06-16 15:18 Sofia,true,
2026-06-16T11:30:50,1,2026-06-16 15:18 Sofia,true,
2026-06-16T11:43:58,1,2026-06-16 15:18 Sofia,true,
2026-06-16T11:54:20,1,2026-06-16 15:18 Sofia,true,
2026-06-16T12:05:33,1,2026-06-16 15:18 Sofia,true,
2026-06-16T12:15:58,1,2026-06-16 15:18 Sofia,true,
2026-06-16T12:26:44,1,2026-06-16 15:18 Sofia,true,
2026-06-16T12:36:59,1,2026-06-16 15:18 Sofia,true,
2026-06-16T12:47:41,1,2026-06-16 15:18 Sofia,true,
2026-06-16T12:58:29,1,2026-06-16 15:18 Sofia,true,
2026-06-16T13:08:55,1,2026-06-16 15:18 Sofia,true,
2026-06-16T13:19:36,1,2026-06-16 15:18 Sofia,true,
2026-06-16T13:33:25,4,2026-06-16 15:18 Sofia,true,
2026-06-16T14:14:57,8,2026-06-16 15:18 Sofia,true,
2026-06-16T14:29:08,9,2026-06-16 15:18 Sofia,true,
2026-06-16T14:39:44,11,2026-06-16 15:18 Sofia,true,
2026-06-16T15:23:54,1,2026-06-16 20:20 Sofia,true,
2026-06-16T15:37:48,5,2026-06-16 20:20 Sofia,true,
2026-06-16T16:15:47,12,2026-06-16 20:20 Sofia,true,
2026-06-16T18:47:45,46,2026-06-16 20:20 Sofia,true,
2026-06-16T18:58:31,47,2026-06-16 20:20 Sofia,true,
2026-06-16T20:12:36,70,2026-06-16 20:20 Sofia,false,
2026-06-16T20:25:15,1,2026-06-17 01:20 Sofia,true,
2026-06-16T20:35:50,1,2026-06-17 01:20 Sofia,true,
2026-06-16T20:46:33,2,2026-06-17 01:20 Sofia,true,
2026-06-16T20:57:12,4,2026-06-17 01:20 Sofia,true,
2026-06-16T22:25:38,39,2026-06-17 01:20 Sofia,true,
2026-06-16T22:36:33,39,2026-06-17 01:20 Sofia,true,
2026-06-16T22:47:02,41,2026-06-17 01:20 Sofia,true,
2026-06-16T22:57:33,46,2026-06-17 01:20 Sofia,true,
2026-06-17T00:06:40,90,2026-06-17 01:20 Sofia,true,80
2026-06-17T00:17:28,90,2026-06-17 01:20 Sofia,true,
2026-06-17T00:32:15,95,2026-06-17 01:20 Sofia,false,95
2026-06-17T00:46:12,96,2026-06-17 01:20 Sofia,false,
2026-06-17T00:58:34,100,2026-06-17 01:20 Sofia,false,
2026-06-17T01:09:28,100,2026-06-17 01:20 Sofia,false,
2026-06-17T01:40:47,5,2026-06-17 06:21 Sofia,true,
2026-06-17T01:50:53,5,2026-06-17 06:21 Sofia,true,
2026-06-17T02:23:19,10,2026-06-17 06:21 Sofia,true,
2026-06-17T02:34:08,10,2026-06-17 06:21 Sofia,true,
2026-06-17T03:27:51,21,2026-06-17 06:21 Sofia,true,
2026-06-17T03:38:49,22,2026-06-17 06:21 Sofia,true,
2026-06-17T03:49:38,23,2026-06-17 06:21 Sofia,true,
2026-06-17T04:00:01,24,2026-06-17 06:21 Sofia,true,
2026-06-17T04:10:43,24,2026-06-17 06:21 Sofia,true,
2026-06-17T04:43:14,26,2026-06-17 06:21 Sofia,true,
2026-06-17T04:53:44,26,2026-06-17 06:21 Sofia,true,
2026-06-17T05:03:58,26,2026-06-17 06:21 Sofia,true,
2026-06-17T05:14:48,26,2026-06-17 06:21 Sofia,true,
2026-06-17T05:25:42,26,2026-06-17 06:21 Sofia,true,
2026-06-17T05:36:36,26,2026-06-17 06:21 Sofia,true,
2026-06-17T05:46:42,26,2026-06-17 06:21 Sofia,true,
2026-06-17T05:57:16,26,2026-06-17 06:21 Sofia,true,
2026-06-17T06:07:52,26,2026-06-17 06:21 Sofia,true,
2026-06-17T06:18:26,26,2026-06-17 06:21 Sofia,true,
2026-06-17T06:28:50,1,2026-06-17 11:21 Sofia,true,
2026-06-17T06:39:51,1,2026-06-17 11:21 Sofia,true,
2026-06-17T06:50:52,1,2026-06-17 11:21 Sofia,true,
2026-06-17T07:07:54,1,2026-06-17 11:21 Sofia,true,
2026-06-17T07:18:55,1,2026-06-17 11:21 Sofia,true,
2026-06-17T07:29:45,2,2026-06-17 11:21 Sofia,true,
2026-06-17T07:46:25,5,2026-06-17 11:21 Sofia,true,
2026-06-17T07:57:11,6,2026-06-17 11:21 Sofia,true,
2026-06-17T08:07:49,7,2026-06-17 11:21 Sofia,true,
2026-06-17T08:18:21,8,2026-06-17 11:21 Sofia,true,
2026-06-17T08:32:37,10,2026-06-17 11:21 Sofia,true,
2026-06-17T08:44:28,10,2026-06-17 11:21 Sofia,true,
2026-06-17T08:55:04,10,2026-06-17 11:21 Sofia,true,
2026-06-17T09:05:34,10,2026-06-17 11:21 Sofia,true,
2026-06-17T09:15:50,10,2026-06-17 11:21 Sofia,true,
2026-06-17T09:27:25,10,2026-06-17 11:21 Sofia,true,
2026-06-17T09:37:52,11,2026-06-17 11:21 Sofia,true,
2026-06-17T09:48:10,11,2026-06-17 11:21 Sofia,true,
2026-06-17T09:58:28,11,2026-06-17 11:21 Sofia,true,
2026-06-17T10:09:17,11,2026-06-17 11:21 Sofia,true,
2026-06-17T10:22:00,11,2026-06-17 11:21 Sofia,true,
2026-06-17T10:33:15,11,2026-06-17 11:21 Sofia,true,
2026-06-17T10:43:33,11,2026-06-17 11:21 Sofia,true,
2026-06-17T10:53:54,11,2026-06-17 11:21 Sofia,true,
2026-06-17T11:04:40,11,2026-06-17 11:21 Sofia,true,
2026-06-17T11:15:41,11,2026-06-17 11:21 Sofia,true,
2026-06-17T11:26:27,1,2026-06-17 16:21 Sofia,true,
2026-06-17T11:36:33,1,2026-06-17 16:21 Sofia,true,
2026-06-17T11:47:00,1,2026-06-17 16:21 Sofia,true,
2026-06-17T11:57:46,1,2026-06-17 16:21 Sofia,true,
2026-06-17T12:08:29,1,2026-06-17 16:21 Sofia,true,
2026-06-17T12:19:32,1,2026-06-17 16:21 Sofia,true,
2026-06-17T12:29:39,1,2026-06-17 16:21 Sofia,true,
2026-06-17T12:41:52,1,2026-06-17 16:21 Sofia,true,
2026-06-17T12:53:32,1,2026-06-17 16:21 Sofia,true,
2026-06-17T13:04:07,1,2026-06-17 16:21 Sofia,true,
2026-06-17T13:15:06,1,2026-06-17 16:21 Sofia,true,
2026-06-17T13:46:30,3,2026-06-17 16:21 Sofia,true,
2026-06-17T13:57:11,4,2026-06-17 16:21 Sofia,true,
2026-06-17T14:08:13,5,2026-06-17 16:21 Sofia,true,
2026-06-17T14:18:59,6,2026-06-17 16:21 Sofia,true,
2026-06-17T14:55:48,12,2026-06-17 16:21 Sofia,true,
2026-06-17T15:05:54,12,2026-06-17 16:21 Sofia,true,
2026-06-17T15:15:59,12,2026-06-17 16:21 Sofia,true,
2026-06-17T15:26:05,12,2026-06-17 16:21 Sofia,true,
2026-06-17T15:36:10,12,2026-06-17 16:21 Sofia,true,
2026-06-17T15:46:23,12,2026-06-17 16:21 Sofia,true,
2026-06-17T15:56:28,12,2026-06-17 16:21 Sofia,true,
2026-06-17T16:06:33,14,2026-06-17 16:21 Sofia,true,
2026-06-17T16:16:38,14,2026-06-17 16:21 Sofia,true,
2026-06-17T16:26:44,0,unknown,true,
2026-06-17T16:36:49,0,unknown,true,
2026-06-17T16:46:54,1,2026-06-17 21:38 Sofia,true,
2026-06-17T16:57:01,2,2026-06-17 21:38 Sofia,true,
2026-06-17T17:07:07,3,2026-06-17 21:38 Sofia,true,
2026-06-17T17:17:12,3,2026-06-17 21:38 Sofia,true,
2026-06-17T17:27:17,3,2026-06-17 21:38 Sofia,true,
2026-06-17T17:37:23,3,2026-06-17 21:38 Sofia,true,
2026-06-17T17:47:28,3,2026-06-17 21:38 Sofia,true,
2026-06-17T17:57:33,3,2026-06-17 21:38 Sofia,true,
2026-06-17T18:07:38,6,2026-06-17 21:38 Sofia,true,
2026-06-17T18:17:43,8,2026-06-17 21:38 Sofia,true,
2026-06-17T18:27:49,9,2026-06-17 21:38 Sofia,true,
2026-06-17T18:37:54,9,2026-06-17 21:38 Sofia,true,
2026-06-17T18:47:59,9,2026-06-17 21:38 Sofia,true,
2026-06-17T18:58:04,9,2026-06-17 21:38 Sofia,true,
2026-06-17T19:08:09,9,2026-06-17 21:38 Sofia,true,
2026-06-17T19:18:15,9,2026-06-17 21:38 Sofia,true,
2026-06-17T19:28:20,10,2026-06-17 21:38 Sofia,true,
2026-06-17T19:38:25,10,2026-06-17 21:38 Sofia,true,
2026-06-17T19:48:31,10,2026-06-17 21:38 Sofia,true,
2026-06-17T19:58:37,10,2026-06-17 21:38 Sofia,true,
2026-06-17T20:08:42,10,2026-06-17 21:38 Sofia,true,
2026-06-17T20:18:48,10,2026-06-17 21:38 Sofia,true,
2026-06-17T20:28:53,10,2026-06-17 21:38 Sofia,true,
2026-06-17T20:38:58,10,2026-06-17 21:38 Sofia,true,
2026-06-17T20:49:04,10,2026-06-17 21:38 Sofia,true,
2026-06-17T20:59:09,10,2026-06-17 21:38 Sofia,true,
2026-06-17T21:09:15,10,2026-06-17 21:38 Sofia,true,
2026-06-17T21:19:20,10,2026-06-17 21:38 Sofia,true,
2026-06-17T21:29:26,10,2026-06-17 21:38 Sofia,true,
2026-06-17T21:39:32,1,2026-06-18 02:38 Sofia,true,
2026-06-17T21:49:37,5,2026-06-18 02:38 Sofia,true,
2026-06-17T21:59:43,11,2026-06-18 02:38 Sofia,true,
2026-06-17T22:09:53,15,2026-06-18 02:38 Sofia,true,
2026-06-17T22:20:00,20,2026-06-18 02:38 Sofia,true,
2026-06-17T22:30:30,22,2026-06-18 02:38 Sofia,true,
2026-06-17T22:40:37,27,2026-06-18 02:38 Sofia,true,
2026-06-17T22:50:42,27,2026-06-18 02:38 Sofia,true,
2026-06-17T23:00:48,27,2026-06-18 02:38 Sofia,true,
2026-06-17T23:10:54,27,2026-06-18 02:38 Sofia,true,
2026-06-17T23:20:59,27,2026-06-18 02:38 Sofia,true,
2026-06-17T23:31:05,27,2026-06-18 02:38 Sofia,true,
2026-06-17T23:41:10,27,2026-06-18 02:38 Sofia,true,
2026-06-17T23:51:15,27,2026-06-18 02:38 Sofia,true,
2026-06-18T00:01:21,33,2026-06-18 02:38 Sofia,true,
2026-06-18T00:11:27,38,2026-06-18 02:38 Sofia,true,
2026-06-18T00:21:33,46,2026-06-18 02:38 Sofia,true,
2026-06-18T00:31:41,52,2026-06-18 02:38 Sofia,true,
2026-06-18T00:41:50,56,2026-06-18 02:38 Sofia,true,
2026-06-18T00:51:57,63,2026-06-18 02:38 Sofia,true,
2026-06-18T01:02:02,70,2026-06-18 02:38 Sofia,true,
2026-06-18T01:12:09,74,2026-06-18 02:38 Sofia,true,
2026-06-18T01:22:14,74,2026-06-18 02:38 Sofia,true,
2026-06-18T01:32:19,74,2026-06-18 02:38 Sofia,true,
2026-06-18T01:42:24,74,2026-06-18 02:38 Sofia,true,
2026-06-18T01:52:30,74,2026-06-18 02:38 Sofia,true,
2026-06-18T02:02:35,74,2026-06-18 02:38 Sofia,true,
2026-06-18T02:12:40,74,2026-06-18 02:38 Sofia,true,
2026-06-18T02:22:45,74,2026-06-18 02:38 Sofia,true,
2026-06-18T02:32:51,74,2026-06-18 02:38 Sofia,true,
2026-06-18T02:42:56,1,2026-06-18 07:39 Sofia,true,
2026-06-18T02:53:01,1,2026-06-18 07:39 Sofia,true,
2026-06-18T03:03:09,3,2026-06-18 07:39 Sofia,true,
2026-06-18T03:13:14,3,2026-06-18 07:39 Sofia,true,
2026-06-18T03:23:20,3,2026-06-18 07:39 Sofia,true,
2026-06-18T03:33:26,3,2026-06-18 07:39 Sofia,true,
2026-06-18T03:43:31,3,2026-06-18 07:39 Sofia,true,
2026-06-18T03:53:37,3,2026-06-18 07:39 Sofia,true,
2026-06-18T04:03:42,6,2026-06-18 07:39 Sofia,true,
2026-06-18T04:13:47,13,2026-06-18 07:39 Sofia,true,
2026-06-18T04:23:53,13,2026-06-18 07:39 Sofia,true,
2026-06-18T04:33:58,13,2026-06-18 07:39 Sofia,true,
2026-06-18T04:44:03,13,2026-06-18 07:39 Sofia,true,
2026-06-18T04:54:08,13,2026-06-18 07:39 Sofia,true,
2026-06-18T05:04:14,15,2026-06-18 07:39 Sofia,true,
2026-06-18T05:14:19,15,2026-06-18 07:39 Sofia,true,
2026-06-18T05:24:26,15,2026-06-18 07:39 Sofia,true,
2026-06-18T05:34:31,15,2026-06-18 07:39 Sofia,true,
2026-06-18T05:44:36,15,2026-06-18 07:39 Sofia,true,
2026-06-18T05:54:41,15,2026-06-18 07:39 Sofia,true,
2026-06-18T06:04:46,15,2026-06-18 07:39 Sofia,true,
2026-06-18T06:14:51,15,2026-06-18 07:39 Sofia,true,
2026-06-18T06:24:56,15,2026-06-18 07:39 Sofia,true,
2026-06-18T06:35:02,15,2026-06-18 07:39 Sofia,true,
2026-06-18T06:45:07,15,2026-06-18 07:39 Sofia,true,
2026-06-18T06:55:12,15,2026-06-18 07:39 Sofia,true,
2026-06-18T07:05:24,19,2026-06-18 07:39 Sofia,true,
2026-06-18T07:15:31,23,2026-06-18 07:39 Sofia,true,
2026-06-18T07:25:37,27,2026-06-18 07:39 Sofia,true,
2026-06-18T07:35:47,30,2026-06-18 07:39 Sofia,true,
2026-06-18T07:45:53,1,2026-06-18 12:40 Sofia,true,
2026-06-18T07:55:59,3,2026-06-18 12:40 Sofia,true,
2026-06-18T08:06:05,5,2026-06-18 12:40 Sofia,true,
2026-06-18T08:16:14,7,2026-06-18 12:40 Sofia,true,
2026-06-18T08:26:20,9,2026-06-18 12:40 Sofia,true,
2026-06-18T08:36:25,11,2026-06-18 12:40 Sofia,true,
2026-06-18T08:46:32,13,2026-06-18 12:40 Sofia,true,
2026-06-18T08:56:38,18,2026-06-18 12:40 Sofia,true,
2026-06-18T09:06:43,19,2026-06-18 12:40 Sofia,true,
2026-06-18T09:16:48,19,2026-06-18 12:40 Sofia,true,
2026-06-18T09:26:53,19,2026-06-18 12:40 Sofia,true,
2026-06-18T09:36:58,19,2026-06-18 12:40 Sofia,true,
2026-06-18T09:47:10,19,2026-06-18 12:40 Sofia,true,
2026-06-18T09:57:18,19,2026-06-18 12:40 Sofia,true,
2026-06-18T10:07:23,19,2026-06-18 12:40 Sofia,true,
2026-06-18T10:17:27,19,2026-06-18 12:40 Sofia,true,
2026-06-18T10:27:32,19,2026-06-18 12:40 Sofia,true,
2026-06-18T10:37:37,19,2026-06-18 12:40 Sofia,true,
2026-06-18T10:47:43,19,2026-06-18 12:40 Sofia,true,
2026-06-18T10:57:47,19,2026-06-18 12:40 Sofia,true,
2026-06-18T11:07:51,19,2026-06-18 12:40 Sofia,true,
2026-06-18T11:17:57,19,2026-06-18 12:40 Sofia,true,
2026-06-18T11:28:02,19,2026-06-18 12:40 Sofia,true,
2026-06-18T11:38:09,19,2026-06-18 12:40 Sofia,true,
2026-06-18T11:48:14,19,2026-06-18 12:40 Sofia,true,
2026-06-18T11:58:18,19,2026-06-18 12:40 Sofia,true,
2026-06-18T12:08:22,19,2026-06-18 12:40 Sofia,true,
2026-06-18T12:18:27,19,2026-06-18 12:40 Sofia,true,
2026-06-18T12:28:31,19,2026-06-18 12:40 Sofia,true,
2026-06-18T12:38:35,19,2026-06-18 12:40 Sofia,true,
2026-06-18T12:48:40,0,unknown,true,
2026-06-18T12:58:44,0,unknown,true,
2026-06-18T13:08:49,0,unknown,true,
2026-06-18T13:18:53,1,2026-06-18 18:15 Sofia,true,
2026-06-18T13:28:58,1,2026-06-18 18:15 Sofia,true,
2026-06-18T13:39:04,5,2026-06-18 18:15 Sofia,true,
2026-06-18T13:49:11,6,2026-06-18 18:15 Sofia,true,
2026-06-18T13:59:18,7,2026-06-18 18:15 Sofia,true,
2026-06-18T14:09:24,7,2026-06-18 18:15 Sofia,true,
2026-06-18T14:19:30,9,2026-06-18 18:15 Sofia,true,
2026-06-18T14:29:38,15,2026-06-18 18:15 Sofia,true,
2026-06-18T14:39:43,20,2026-06-18 18:15 Sofia,true,
2026-06-18T14:49:53,23,2026-06-18 18:15 Sofia,true,
2026-06-18T14:59:58,25,2026-06-18 18:15 Sofia,true,
2026-06-18T15:10:03,25,2026-06-18 18:15 Sofia,true,
2026-06-18T15:20:07,25,2026-06-18 18:15 Sofia,true,
2026-06-18T15:30:12,26,2026-06-18 18:15 Sofia,true,
2026-06-18T15:41:12,31,2026-06-18 18:15 Sofia,true,
2026-06-18T15:51:18,35,2026-06-18 18:15 Sofia,true,
2026-06-18T16:01:26,39,2026-06-18 18:15 Sofia,true,
2026-06-18T16:11:30,41,2026-06-18 18:15 Sofia,true,
2026-06-18T16:21:35,45,2026-06-18 18:15 Sofia,true,
2026-06-18T16:31:39,48,2026-06-18 18:15 Sofia,true,
2026-06-18T16:44:17,51,2026-06-18 18:15 Sofia,true,
2026-06-18T16:54:42,52,2026-06-18 18:15 Sofia,true,
2026-06-18T17:04:55,53,2026-06-18 18:15 Sofia,true,
2026-06-18T17:15:17,53,2026-06-18 18:15 Sofia,true,
2026-06-18T17:25:22,54,2026-06-18 18:15 Sofia,true,
2026-06-18T17:35:26,55,2026-06-18 18:15 Sofia,true,
2026-06-18T17:45:31,57,2026-06-18 18:15 Sofia,true,
2026-06-18T17:55:36,61,2026-06-18 18:15 Sofia,true,
2026-06-18T18:05:41,64,2026-06-18 18:15 Sofia,true,
2026-06-18T18:15:48,0,unknown,true,
2026-06-18T18:25:54,2,2026-06-18 23:15 Sofia,true,
2026-06-18T18:35:59,6,2026-06-18 23:15 Sofia,true,
2026-06-18T18:46:04,6,2026-06-18 23:15 Sofia,true,
2026-06-18T18:56:08,6,2026-06-18 23:15 Sofia,true,
2026-06-18T19:06:13,6,2026-06-18 23:15 Sofia,true,
2026-06-18T19:16:18,6,2026-06-18 23:15 Sofia,true,
2026-06-18T19:26:22,6,2026-06-18 23:15 Sofia,true,
2026-06-18T19:36:27,6,2026-06-18 23:15 Sofia,true,
2026-06-18T19:46:32,6,2026-06-18 23:15 Sofia,true,
2026-06-18T19:56:36,6,2026-06-18 23:15 Sofia,true,
2026-06-18T20:06:41,6,2026-06-18 23:15 Sofia,true,
2026-06-18T20:16:45,6,2026-06-18 23:15 Sofia,true,
2026-06-18T20:26:50,6,2026-06-18 23:15 Sofia,true,
2026-06-18T20:36:55,6,2026-06-18 23:15 Sofia,true,
2026-06-18T20:47:00,7,2026-06-18 23:15 Sofia,true,
2026-06-18T20:57:05,7,2026-06-18 23:15 Sofia,true,
2026-06-18T21:07:09,7,2026-06-18 23:15 Sofia,true,
2026-06-18T21:17:14,7,2026-06-18 23:15 Sofia,true,
2026-06-18T21:27:19,7,2026-06-18 23:15 Sofia,true,
2026-06-18T21:37:23,7,2026-06-18 23:15 Sofia,true,
2026-06-18T21:47:28,7,2026-06-18 23:15 Sofia,true,
2026-06-18T21:57:33,13,2026-06-18 23:15 Sofia,true,
2026-06-18T22:07:38,19,2026-06-18 23:15 Sofia,true,
2026-06-18T22:17:42,27,2026-06-18 23:15 Sofia,true,
2026-06-18T22:27:47,31,2026-06-18 23:15 Sofia,true,
2026-06-18T22:37:51,31,2026-06-18 23:15 Sofia,true,
2026-06-18T22:47:56,31,2026-06-18 23:15 Sofia,true,
2026-06-18T22:58:00,34,2026-06-18 23:15 Sofia,true,
2026-06-18T23:08:05,42,2026-06-18 23:15 Sofia,true,
2026-06-18T23:18:12,1,2026-06-19 04:15 Sofia,true,
2026-06-18T23:28:17,5,2026-06-19 04:15 Sofia,true,
2026-06-18T23:38:21,5,2026-06-19 04:15 Sofia,true,
2026-06-18T23:48:25,5,2026-06-19 04:15 Sofia,true,
2026-06-18T23:58:30,5,2026-06-19 04:15 Sofia,true,
2026-06-19T00:08:35,5,2026-06-19 04:15 Sofia,true,
2026-06-19T00:18:41,13,2026-06-19 04:15 Sofia,true,
2026-06-19T00:28:47,17,2026-06-19 04:15 Sofia,true,
2026-06-19T00:38:52,20,2026-06-19 04:15 Sofia,true,
2026-06-19T00:48:58,20,2026-06-19 04:15 Sofia,true,
2026-06-19T00:59:03,20,2026-06-19 04:15 Sofia,true,
2026-06-19T01:09:08,20,2026-06-19 04:15 Sofia,true,
2026-06-19T01:19:13,20,2026-06-19 04:15 Sofia,true,
2026-06-19T01:29:18,20,2026-06-19 04:15 Sofia,true,
2026-06-19T01:39:24,20,2026-06-19 04:15 Sofia,true,
2026-06-19T01:49:29,24,2026-06-19 04:15 Sofia,true,
2026-06-19T01:59:34,32,2026-06-19 04:15 Sofia,true,
2026-06-19T02:09:45,38,2026-06-19 04:15 Sofia,true,
2026-06-19T02:19:54,41,2026-06-19 04:15 Sofia,true,
2026-06-19T02:29:59,41,2026-06-19 04:15 Sofia,true,
2026-06-19T02:40:04,41,2026-06-19 04:15 Sofia,true,
2026-06-19T02:50:10,41,2026-06-19 04:15 Sofia,true,
2026-06-19T03:00:15,41,2026-06-19 04:15 Sofia,true,
2026-06-19T03:10:21,41,2026-06-19 04:15 Sofia,true,
2026-06-19T03:20:26,41,2026-06-19 04:15 Sofia,true,
2026-06-19T03:30:31,41,2026-06-19 04:15 Sofia,true,
2026-06-19T03:40:36,41,2026-06-19 04:15 Sofia,true,
2026-06-19T03:50:41,41,2026-06-19 04:15 Sofia,true,
2026-06-19T04:00:46,41,2026-06-19 04:15 Sofia,true,
2026-06-19T04:10:52,41,2026-06-19 04:15 Sofia,true,
2026-06-19T04:20:57,0,unknown,true,
2026-06-19T04:31:02,0,unknown,true,
2026-06-19T04:41:07,0,unknown,true,
2026-06-19T04:51:14,0,unknown,true,
2026-06-19T05:01:19,0,unknown,true,
2026-06-19T05:11:25,0,unknown,true,
2026-06-19T05:21:31,0,unknown,true,
2026-06-19T05:31:37,0,unknown,true,
2026-06-19T05:41:42,0,unknown,true,
2026-06-19T05:51:48,0,unknown,true,
2026-06-19T06:01:54,0,unknown,true,
2026-06-19T06:11:59,0,unknown,true,
2026-06-19T06:22:06,1,2026-06-19 11:21 Sofia,true,
2026-06-19T06:32:15,3,2026-06-19 11:21 Sofia,true,
2026-06-19T06:42:26,8,2026-06-19 11:21 Sofia,true,
2026-06-19T06:52:33,11,2026-06-19 11:21 Sofia,true,
2026-06-19T07:02:39,12,2026-06-19 11:21 Sofia,true,
2026-06-19T07:12:45,12,2026-06-19 11:21 Sofia,true,
2026-06-19T07:22:52,12,2026-06-19 11:21 Sofia,true,
2026-06-19T07:33:02,12,2026-06-19 11:21 Sofia,true,
2026-06-19T07:43:08,12,2026-06-19 11:21 Sofia,true,
2026-06-19T07:53:14,12,2026-06-19 11:21 Sofia,true,
2026-06-19T08:03:20,12,2026-06-19 11:21 Sofia,true,
2026-06-19T08:13:26,12,2026-06-19 11:21 Sofia,true,
2026-06-19T08:23:31,12,2026-06-19 11:21 Sofia,true,
2026-06-19T08:33:37,12,2026-06-19 11:21 Sofia,true,
2026-06-19T08:43:43,12,2026-06-19 11:21 Sofia,true,
2026-06-19T08:53:50,12,2026-06-19 11:21 Sofia,true,
2026-06-19T09:03:56,21,2026-06-19 11:21 Sofia,true,
2026-06-19T09:14:04,43,2026-06-19 11:21 Sofia,true,
2026-06-19T09:24:12,53,2026-06-19 11:21 Sofia,true,
2026-06-19T09:34:19,59,2026-06-19 11:21 Sofia,true,
2026-06-19T09:44:28,59,2026-06-19 11:21 Sofia,true,
2026-06-19T09:54:35,59,2026-06-19 11:21 Sofia,true,
2026-06-19T10:04:42,59,2026-06-19 11:21 Sofia,true,
2026-06-19T10:14:49,59,2026-06-19 11:21 Sofia,true,
2026-06-19T10:24:57,59,2026-06-19 11:21 Sofia,true,
2026-06-19T10:35:04,59,2026-06-19 11:21 Sofia,true,
2026-06-19T10:45:11,59,2026-06-19 11:21 Sofia,true,
2026-06-19T10:55:19,59,2026-06-19 11:21 Sofia,true,
2026-06-19T11:05:26,59,2026-06-19 11:21 Sofia,true,
2026-06-19T11:15:33,59,2026-06-19 11:21 Sofia,true,
2026-06-19T11:25:40,0,unknown,true,
2026-06-19T11:35:47,0,unknown,true,
2026-06-19T11:45:55,0,unknown,true,
2026-06-19T11:56:03,0,unknown,true,
2026-06-19T12:06:10,0,unknown,true,
2026-06-19T12:16:18,0,unknown,true,
2026-06-19T12:26:25,0,unknown,true,
2026-06-19T12:36:37,0,unknown,true,
2026-06-19T12:46:45,0,unknown,true,
2026-06-19T12:56:52,0,unknown,true,
2026-06-19T13:06:59,0,unknown,true,
2026-06-19T13:17:06,0,unknown,true,
2026-06-19T13:27:13,0,unknown,true,
2026-06-19T13:37:20,0,unknown,true,
2026-06-19T13:47:27,0,unknown,true,
2026-06-19T13:57:34,0,unknown,true,
2026-06-19T14:07:41,0,unknown,true,
2026-06-19T14:17:48,0,unknown,true,
2026-06-19T14:27:55,1,2026-06-19 19:18 Sofia,true,
2026-06-19T14:38:02,8,2026-06-19 19:18 Sofia,true,
2026-06-19T14:48:12,14,2026-06-19 19:18 Sofia,true,
2026-06-19T14:58:22,17,2026-06-19 19:18 Sofia,true,
2026-06-19T15:08:33,21,2026-06-19 19:18 Sofia,true,
2026-06-19T15:18:41,21,2026-06-19 19:18 Sofia,true,
2026-06-19T15:28:47,21,2026-06-19 19:18 Sofia,true,
2026-06-19T15:38:54,21,2026-06-19 19:18 Sofia,true,
2026-06-19T15:49:02,21,2026-06-19 19:18 Sofia,true,
2026-06-19T15:59:09,21,2026-06-19 19:18 Sofia,true,
2026-06-19T16:09:16,21,2026-06-19 19:18 Sofia,true,
2026-06-19T16:19:29,21,2026-06-19 19:18 Sofia,true,
2026-06-19T16:29:36,21,2026-06-19 19:18 Sofia,true,
2026-06-19T16:39:43,21,2026-06-19 19:18 Sofia,true,
2026-06-19T16:49:50,21,2026-06-19 19:18 Sofia,true,
2026-06-19T16:59:57,21,2026-06-19 19:18 Sofia,true,
2026-06-19T17:10:04,21,2026-06-19 19:18 Sofia,true,
2026-06-19T17:20:11,21,2026-06-19 19:18 Sofia,true,
2026-06-19T17:30:16,21,2026-06-19 19:18 Sofia,true,
2026-06-19T17:40:32,27,2026-06-19 19:18 Sofia,true,
2026-06-19T17:50:40,36,2026-06-19 19:18 Sofia,true,
2026-06-19T18:00:49,40,2026-06-19 19:18 Sofia,true,
2026-06-19T18:10:56,44,2026-06-19 19:18 Sofia,true,
2026-06-19T18:21:03,44,2026-06-19 19:18 Sofia,true,
2026-06-19T18:31:10,44,2026-06-19 19:18 Sofia,true,
2026-06-19T18:41:17,44,2026-06-19 19:18 Sofia,true,
2026-06-19T18:51:24,44,2026-06-19 19:18 Sofia,true,
2026-06-19T19:01:31,44,2026-06-19 19:18 Sofia,true,
2026-06-19T19:11:38,44,2026-06-19 19:18 Sofia,true,
2026-06-19T19:21:44,0,unknown,true,
2026-06-19T19:31:48,1,2026-06-20 00:21 Sofia,true,
2026-06-19T19:41:55,5,2026-06-20 00:21 Sofia,true,
2026-06-19T19:52:02,6,2026-06-20 00:21 Sofia,true,
2026-06-19T20:02:10,6,2026-06-20 00:21 Sofia,true,
2026-06-19T20:12:17,6,2026-06-20 00:21 Sofia,true,
2026-06-19T20:22:25,6,2026-06-20 00:21 Sofia,true,
2026-06-19T20:32:32,6,2026-06-20 00:21 Sofia,true,
2026-06-19T20:42:39,6,2026-06-20 00:21 Sofia,true,
2026-06-19T20:52:55,8,2026-06-20 00:21 Sofia,true,
2026-06-19T21:03:02,10,2026-06-20 00:21 Sofia,true,
2026-06-19T21:26:05,15,2026-06-20 00:21 Sofia,true,
2026-06-19T21:36:12,15,2026-06-20 00:21 Sofia,true,
2026-06-19T21:46:20,15,2026-06-20 00:21 Sofia,true,
2026-06-19T21:56:27,15,2026-06-20 00:21 Sofia,true,
2026-06-19T22:06:34,15,2026-06-20 00:21 Sofia,true,
2026-06-19T22:16:41,15,2026-06-20 00:21 Sofia,true,
2026-06-19T22:26:49,15,2026-06-20 00:21 Sofia,true,
2026-06-19T22:36:56,15,2026-06-20 00:21 Sofia,true,
2026-06-20T00:59:12,15,2026-06-20 05:22 Sofia,true,
2026-06-20T01:09:19,17,2026-06-20 05:22 Sofia,true,
2026-06-20T01:19:26,24,2026-06-20 05:22 Sofia,true,
2026-06-20T01:29:34,28,2026-06-20 05:22 Sofia,true,
2026-06-20T01:39:42,28,2026-06-20 05:22 Sofia,true,
2026-06-20T01:49:49,28,2026-06-20 05:22 Sofia,true,
2026-06-20T01:59:56,28,2026-06-20 05:22 Sofia,true,
2026-06-20T02:10:05,28,2026-06-20 05:22 Sofia,true,
2026-06-20T03:26:43,35,2026-06-20 05:22 Sofia,true,
2026-06-20T03:36:50,35,2026-06-20 05:22 Sofia,true,
2026-06-20T03:46:57,35,2026-06-20 05:22 Sofia,true,
2026-06-20T03:57:06,35,2026-06-20 05:22 Sofia,true,
2026-06-20T04:07:13,35,2026-06-20 05:22 Sofia,true,
2026-06-20T04:17:21,35,2026-06-20 05:22 Sofia,true,
2026-06-20T04:27:28,35,2026-06-20 05:22 Sofia,true,
2026-06-20T04:37:43,35,2026-06-20 05:22 Sofia,true,
2026-06-20T05:43:10,2,2026-06-20 10:25 Sofia,true,
2026-06-20T05:53:17,2,2026-06-20 10:25 Sofia,true,
2026-06-20T06:03:23,2,2026-06-20 10:25 Sofia,true,
2026-06-20T06:13:29,2,2026-06-20 10:25 Sofia,true,
2026-06-20T06:23:38,2,2026-06-20 10:25 Sofia,true,
2026-06-20T06:33:45,2,2026-06-20 10:25 Sofia,true,
2026-06-20T06:43:54,2,2026-06-20 10:25 Sofia,true,
2026-06-20T06:54:02,2,2026-06-20 10:25 Sofia,true,
2026-06-20T08:53:34,67,2026-06-20 10:25 Sofia,true,
2026-06-20T09:04:15,67,2026-06-20 10:25 Sofia,true,
2026-06-20T09:14:50,67,2026-06-20 10:25 Sofia,true,
2026-06-20T09:25:25,67,2026-06-20 10:25 Sofia,true,
2026-06-20T09:36:01,67,2026-06-20 10:25 Sofia,true,
2026-06-20T09:46:35,67,2026-06-20 10:25 Sofia,true,
2026-06-20T09:57:16,67,2026-06-20 10:25 Sofia,true,
2026-06-20T10:07:51,67,2026-06-20 10:25 Sofia,true,
2026-06-20T10:22:46,72,2026-06-20 10:25 Sofia,false,
2026-06-20T10:33:26,1,2026-06-20 15:27 Sofia,true,
2026-06-20T10:44:01,11,2026-06-20 15:27 Sofia,true,
2026-06-20T10:54:41,31,2026-06-20 15:27 Sofia,true,
2026-06-20T11:05:19,41,2026-06-20 15:27 Sofia,true,
2026-06-20T11:15:54,56,2026-06-20 15:27 Sofia,true,
2026-06-20T11:26:28,56,2026-06-20 15:27 Sofia,true,
2026-06-20T11:37:03,56,2026-06-20 15:27 Sofia,true,
2026-06-20T11:47:36,56,2026-06-20 15:27 Sofia,true,
2026-06-20T12:23:22,76,2026-06-20 15:27 Sofia,false,
2026-06-20T12:33:55,77,2026-06-20 15:27 Sofia,false,
2026-06-20T12:44:29,77,2026-06-20 15:27 Sofia,false,
2026-06-20T12:55:04,77,2026-06-20 15:27 Sofia,false,
2026-06-20T13:05:38,77,2026-06-20 15:27 Sofia,false,
2026-06-20T13:16:12,77,2026-06-20 15:27 Sofia,false,
2026-06-20T13:26:45,77,2026-06-20 15:27 Sofia,false,
2026-06-20T13:37:20,77,2026-06-20 15:27 Sofia,false,
2026-06-20T13:48:45,77,2026-06-20 15:27 Sofia,false,
2026-06-20T13:59:19,77,2026-06-20 15:27 Sofia,false,
2026-06-20T14:09:52,77,2026-06-20 15:27 Sofia,false,
2026-06-20T14:20:26,77,2026-06-20 15:27 Sofia,false,
2026-06-20T14:30:59,77,2026-06-20 15:27 Sofia,false,
2026-06-20T14:41:34,77,2026-06-20 15:27 Sofia,false,
2026-06-20T14:52:09,77,2026-06-20 15:27 Sofia,false,
2026-06-20T15:02:44,77,2026-06-20 15:27 Sofia,false,
2026-06-20T15:13:20,77,2026-06-20 15:27 Sofia,false,
2026-06-20T15:24:52,77,2026-06-20 15:27 Sofia,false,
2026-06-20T15:35:27,0,unknown,true,
2026-06-20T15:46:05,1,2026-06-20 20:39 Sofia,true,
2026-06-20T15:56:40,1,2026-06-20 20:39 Sofia,true,
2026-06-20T16:07:16,1,2026-06-20 20:39 Sofia,true,
2026-06-20T16:17:50,1,2026-06-20 20:39 Sofia,true,
2026-06-20T16:28:25,1,2026-06-20 20:39 Sofia,true,
2026-06-20T16:39:00,4,2026-06-20 20:39 Sofia,true,
2026-06-20T18:32:30,21,2026-06-20 20:39 Sofia,true,
2026-06-20T18:43:32,26,2026-06-20 20:39 Sofia,true,
2026-06-20T18:54:31,32,2026-06-20 20:39 Sofia,true,
2026-06-20T19:05:33,36,2026-06-20 20:39 Sofia,true,
2026-06-20T19:16:32,42,2026-06-20 20:39 Sofia,true,
2026-06-20T19:27:33,47,2026-06-20 20:39 Sofia,true,
2026-06-20T19:38:35,48,2026-06-20 20:39 Sofia,true,
2026-06-20T19:49:36,48,2026-06-20 20:39 Sofia,true,
2026-06-20T19:59:53,51,2026-06-20 20:39 Sofia,true,
2026-06-20T20:10:46,51,2026-06-20 20:39 Sofia,true,
2026-06-20T20:21:47,51,2026-06-20 20:39 Sofia,true,
2026-06-20T20:32:46,51,2026-06-20 20:39 Sofia,true,
2026-06-20T20:43:47,0,unknown,true,
2026-06-20T20:54:47,0,unknown,true,
2026-06-20T21:05:47,0,unknown,true,
2026-06-20T21:16:48,0,unknown,true,
2026-06-20T21:27:48,0,unknown,true,
2026-06-20T21:38:48,1,2026-06-21 02:34 Sofia,true,
2026-06-20T21:49:49,12,2026-06-21 02:34 Sofia,true,
2026-06-20T22:00:51,16,2026-06-21 02:34 Sofia,true,
2026-06-20T22:12:37,19,2026-06-21 02:34 Sofia,true,
2026-06-20T22:24:37,23,2026-06-21 02:34 Sofia,true,
2026-06-20T22:35:12,26,2026-06-21 02:34 Sofia,true,
2026-06-20T22:46:13,35,2026-06-21 02:34 Sofia,true,
2026-06-20T22:57:46,39,2026-06-21 02:34 Sofia,true,
2026-06-20T23:08:36,43,2026-06-21 02:34 Sofia,true,
2026-06-20T23:19:28,47,2026-06-21 02:34 Sofia,true,
2026-06-20T23:29:46,49,2026-06-21 02:34 Sofia,true,
2026-06-20T23:40:46,57,2026-06-21 02:34 Sofia,true,
2026-06-20T23:51:47,57,2026-06-21 02:34 Sofia,true,
2026-06-21T00:02:48,57,2026-06-21 02:34 Sofia,true,
2026-06-21T00:13:47,57,2026-06-21 02:34 Sofia,true,
2026-06-21T00:24:48,57,2026-06-21 02:34 Sofia,true,
2026-06-21T00:35:48,57,2026-06-21 02:34 Sofia,true,
2026-06-21T00:46:48,57,2026-06-21 02:34 Sofia,true,
2026-06-21T00:57:49,57,2026-06-21 02:34 Sofia,true,
2026-06-21T01:08:49,57,2026-06-21 02:34 Sofia,true,
2026-06-21T01:19:49,57,2026-06-21 02:34 Sofia,true,
2026-06-21T01:30:50,57,2026-06-21 02:34 Sofia,true,
2026-06-21T01:41:50,57,2026-06-21 02:34 Sofia,true,
2026-06-21T01:52:51,57,2026-06-21 02:34 Sofia,true,
2026-06-21T02:03:51,57,2026-06-21 02:34 Sofia,true,
2026-06-21T02:14:51,57,2026-06-21 02:34 Sofia,true,
2026-06-21T02:25:51,57,2026-06-21 02:34 Sofia,true,
2026-06-21T02:36:51,0,unknown,true,
2026-06-21T02:47:52,0,unknown,true,
2026-06-21T02:58:52,0,unknown,true,
2026-06-21T03:09:52,0,unknown,true,
2026-06-21T03:20:52,0,unknown,true,
2026-06-21T03:31:53,0,unknown,true,
2026-06-21T03:42:53,0,unknown,true,
2026-06-21T03:53:53,0,unknown,true,
2026-06-21T04:04:54,0,unknown,true,
2026-06-21T04:15:54,0,unknown,true,
2026-06-21T04:26:54,0,unknown,true,
2026-06-21T04:37:55,0,unknown,true,
2026-06-21T04:48:55,0,unknown,true,
2026-06-21T04:59:55,0,unknown,true,
2026-06-21T05:10:56,0,unknown,true,
2026-06-21T05:21:56,0,unknown,true,
2026-06-21T05:32:56,0,unknown,true,
2026-06-21T05:43:57,0,unknown,true,
2026-06-21T05:54:57,0,unknown,true,
2026-06-21T06:05:57,0,unknown,true,
2026-06-21T06:16:58,0,unknown,true,
2026-06-21T06:27:58,0,unknown,true,
2026-06-21T06:38:58,0,unknown,true,
2026-06-21T06:49:58,0,unknown,true,
2026-06-21T07:00:59,0,unknown,true,
2026-06-21T07:11:59,0,unknown,true,
2026-06-21T07:22:59,0,unknown,true,
2026-06-21T07:34:00,0,unknown,true,
2026-06-21T07:45:00,0,unknown,true,
2026-06-21T07:56:00,0,unknown,true,
2026-06-21T08:07:01,0,unknown,true,
2026-06-21T08:18:01,0,unknown,true,
2026-06-21T08:29:01,0,unknown,true,
2026-06-21T08:40:01,0,unknown,true,
2026-06-21T08:51:02,0,unknown,true,
2026-06-21T09:02:02,0,unknown,true,
2026-06-21T09:13:02,0,unknown,true,
2026-06-21T09:24:03,0,unknown,true,
2026-06-21T09:35:03,0,unknown,true,
2026-06-21T09:46:04,17,2026-06-21 14:37 Sofia,true,
2026-06-21T09:57:05,31,2026-06-21 14:37 Sofia,true,
2026-06-21T10:08:06,31,2026-06-21 14:37 Sofia,true,
2026-06-21T10:19:06,31,2026-06-21 14:37 Sofia,true,
2026-06-21T10:30:06,31,2026-06-21 14:37 Sofia,true,
2026-06-21T10:41:07,31,2026-06-21 14:37 Sofia,true,
2026-06-21T10:52:07,31,2026-06-21 14:37 Sofia,true,
2026-06-21T11:03:07,31,2026-06-21 14:37 Sofia,true,
2026-06-21T11:14:07,31,2026-06-21 14:37 Sofia,true,
2026-06-21T11:25:08,31,2026-06-21 14:37 Sofia,true,
2026-06-21T11:36:08,31,2026-06-21 14:37 Sofia,true,
2026-06-21T11:47:09,31,2026-06-21 14:37 Sofia,true,
2026-06-21T11:58:09,31,2026-06-21 14:37 Sofia,true,
2026-06-21T12:09:09,31,2026-06-21 14:37 Sofia,true,
2026-06-21T12:20:09,31,2026-06-21 14:37 Sofia,true,
2026-06-21T12:31:09,31,2026-06-21 14:37 Sofia,true,
2026-06-21T12:42:10,31,2026-06-21 14:37 Sofia,true,
2026-06-21T12:53:10,31,2026-06-21 14:37 Sofia,true,
2026-06-21T13:04:10,31,2026-06-21 14:37 Sofia,true,
2026-06-21T13:15:11,31,2026-06-21 14:37 Sofia,true,
2026-06-21T13:26:11,31,2026-06-21 14:37 Sofia,true,
2026-06-21T13:37:11,31,2026-06-21 14:37 Sofia,true,
2026-06-21T13:48:12,31,2026-06-21 14:37 Sofia,true,
2026-06-21T13:59:12,31,2026-06-21 14:37 Sofia,true,
2026-06-21T14:10:12,31,2026-06-21 14:37 Sofia,true,
2026-06-21T14:21:12,31,2026-06-21 14:37 Sofia,true,
2026-06-21T14:32:13,31,2026-06-21 14:37 Sofia,true,
2026-06-21T14:43:13,0,unknown,true,
2026-06-21T14:54:14,0,unknown,true,
2026-06-21T15:05:14,0,unknown,true,
2026-06-21T15:16:14,0,unknown,true,
2026-06-21T15:27:14,0,unknown,true,
2026-06-21T15:38:15,0,unknown,true,
2026-06-21T15:49:15,0,unknown,true,
2026-06-21T16:00:15,0,unknown,true,
2026-06-21T16:11:16,0,unknown,true,
2026-06-21T16:22:16,0,unknown,true,
2026-06-21T16:33:16,0,unknown,true,
2026-06-21T16:44:16,0,unknown,true,
2026-06-21T16:55:17,0,unknown,true,
2026-06-21T17:06:17,0,unknown,true,
2026-06-21T17:17:17,0,unknown,true,
2026-06-21T17:28:18,1,2026-06-21 22:26 Sofia,true,
2026-06-21T17:39:18,2,2026-06-21 22:26 Sofia,true,
2026-06-21T17:50:18,2,2026-06-21 22:26 Sofia,true,
2026-06-21T18:01:18,2,2026-06-21 22:26 Sofia,true,
2026-06-21T18:12:19,2,2026-06-21 22:26 Sofia,true,
2026-06-21T18:23:19,2,2026-06-21 22:26 Sofia,true,
2026-06-21T18:34:19,2,2026-06-21 22:26 Sofia,true,
2026-06-21T18:45:20,2,2026-06-21 22:26 Sofia,true,
2026-06-21T18:56:20,2,2026-06-21 22:26 Sofia,true,
2026-06-21T19:07:20,2,2026-06-21 22:26 Sofia,true,
2026-06-21T19:18:21,2,2026-06-21 22:26 Sofia,true,
2026-06-21T19:29:21,2,2026-06-21 22:26 Sofia,true,
2026-06-21T19:40:21,2,2026-06-21 22:26 Sofia,true,
2026-06-21T19:51:21,2,2026-06-21 22:26 Sofia,true,
2026-06-21T20:02:22,2,2026-06-21 22:26 Sofia,true,
2026-06-21T20:13:22,2,2026-06-21 22:26 Sofia,true,
2026-06-21T20:24:22,2,2026-06-21 22:26 Sofia,true,
2026-06-21T20:35:23,2,2026-06-21 22:26 Sofia,true,
2026-06-21T20:46:23,2,2026-06-21 22:26 Sofia,true,
2026-06-21T20:57:23,2,2026-06-21 22:26 Sofia,true,
2026-06-21T21:08:24,2,2026-06-21 22:26 Sofia,true,
2026-06-21T21:19:24,2,2026-06-21 22:26 Sofia,true,
2026-06-21T21:30:24,2,2026-06-21 22:26 Sofia,true,
2026-06-21T21:41:24,7,2026-06-21 22:26 Sofia,true,
2026-06-21T21:52:26,15,2026-06-21 22:26 Sofia,true,
2026-06-21T22:03:25,24,2026-06-21 22:26 Sofia,true,
2026-06-21T22:14:26,27,2026-06-21 22:26 Sofia,true,
2026-06-21T22:25:26,27,2026-06-21 22:26 Sofia,true,
2026-06-21T22:36:26,1,2026-06-22 03:32 Sofia,true,
2026-06-21T22:47:27,6,2026-06-22 03:32 Sofia,true,
2026-06-21T22:58:27,10,2026-06-22 03:32 Sofia,true,
2026-06-21T23:09:27,10,2026-06-22 03:32 Sofia,true,
2026-06-21T23:20:28,10,2026-06-22 03:32 Sofia,true,
2026-06-21T23:31:28,10,2026-06-22 03:32 Sofia,true,
2026-06-21T23:42:29,10,2026-06-22 03:32 Sofia,true,
2026-06-21T23:53:29,10,2026-06-22 03:32 Sofia,true,
2026-06-22T00:04:29,10,2026-06-22 03:32 Sofia,true,
2026-06-22T00:15:30,10,2026-06-22 03:32 Sofia,true,
2026-06-22T00:26:30,10,2026-06-22 03:32 Sofia,true,
2026-06-22T00:37:30,10,2026-06-22 03:32 Sofia,true,
2026-06-22T00:48:30,10,2026-06-22 03:32 Sofia,true,
2026-06-22T00:59:30,10,2026-06-22 03:32 Sofia,true,
2026-06-22T01:10:31,10,2026-06-22 03:32 Sofia,true,
2026-06-22T01:21:31,10,2026-06-22 03:32 Sofia,true,
2026-06-22T01:32:31,10,2026-06-22 03:32 Sofia,true,
2026-06-22T01:43:31,10,2026-06-22 03:32 Sofia,true,
2026-06-22T01:54:33,10,2026-06-22 03:32 Sofia,true,
2026-06-22T02:05:34,10,2026-06-22 03:32 Sofia,true,
2026-06-22T02:16:34,10,2026-06-22 03:32 Sofia,true,
2026-06-22T02:27:34,10,2026-06-22 03:32 Sofia,true,
2026-06-22T02:38:34,10,2026-06-22 03:32 Sofia,true,
2026-06-22T02:49:34,10,2026-06-22 03:32 Sofia,true,
2026-06-22T03:00:35,10,2026-06-22 03:32 Sofia,true,
2026-06-22T03:11:35,10,2026-06-22 03:32 Sofia,true,
2026-06-22T03:22:35,10,2026-06-22 03:32 Sofia,true,
2026-06-22T03:33:36,0,unknown,true,
2026-06-22T03:44:36,0,unknown,true,
2026-06-22T03:55:37,0,unknown,true,
2026-06-22T04:06:37,0,unknown,true,
2026-06-22T04:17:37,0,unknown,true,
2026-06-22T04:28:37,0,unknown,true,
2026-06-22T04:39:37,0,unknown,true,
2026-06-22T04:50:38,0,unknown,true,
2026-06-22T05:01:38,0,unknown,true,
2026-06-22T05:12:38,0,unknown,true,
2026-06-22T05:23:39,0,unknown,true,
2026-06-22T05:34:39,0,unknown,true,
2026-06-22T05:45:39,0,unknown,true,
2026-06-22T05:56:40,0,unknown,true,
2026-06-22T06:07:40,0,unknown,true,
2026-06-22T06:18:41,0,unknown,true,
2026-06-22T06:29:41,0,unknown,true,
2026-06-22T06:40:41,0,unknown,true,
2026-06-22T06:51:41,0,unknown,true,
2026-06-22T07:02:42,0,unknown,true,
2026-06-22T07:13:42,0,unknown,true,
2026-06-22T07:24:42,0,unknown,true,
2026-06-22T07:35:42,0,unknown,true,
2026-06-22T07:46:43,3,2026-06-22 12:38 Sofia,true,
2026-06-22T07:57:43,11,2026-06-22 12:38 Sofia,true,
2026-06-22T08:08:44,13,2026-06-22 12:38 Sofia,true,
2026-06-22T08:19:44,13,2026-06-22 12:38 Sofia,true,
2026-06-22T08:30:44,13,2026-06-22 12:38 Sofia,true,
2026-06-22T08:41:44,13,2026-06-22 12:38 Sofia,true,
2026-06-22T08:52:45,13,2026-06-22 12:38 Sofia,true,
2026-06-22T09:03:45,13,2026-06-22 12:38 Sofia,true,
2026-06-22T09:14:45,13,2026-06-22 12:38 Sofia,true,
2026-06-22T09:25:46,13,2026-06-22 12:38 Sofia,true,
2026-06-22T09:36:46,13,2026-06-22 12:38 Sofia,true,
2026-06-22T09:47:47,13,2026-06-22 12:38 Sofia,true,
2026-06-22T09:58:47,13,2026-06-22 12:38 Sofia,true,
2026-06-22T10:09:47,13,2026-06-22 12:38 Sofia,true,
2026-06-22T10:20:47,13,2026-06-22 12:38 Sofia,true,
2026-06-22T10:31:48,13,2026-06-22 12:38 Sofia,true,
2026-06-22T10:42:48,13,2026-06-22 12:38 Sofia,true,
2026-06-22T10:53:48,13,2026-06-22 12:38 Sofia,true,
2026-06-22T11:04:48,13,2026-06-22 12:38 Sofia,true,
2026-06-22T11:15:49,13,2026-06-22 12:38 Sofia,true,
2026-06-22T11:26:49,13,2026-06-22 12:38 Sofia,true,
2026-06-22T11:37:49,13,2026-06-22 12:38 Sofia,true,
2026-06-22T11:48:50,13,2026-06-22 12:38 Sofia,true,
2026-06-22T11:59:50,13,2026-06-22 12:38 Sofia,true,
2026-06-22T12:10:50,13,2026-06-22 12:38 Sofia,true,
2026-06-22T12:21:51,13,2026-06-22 12:38 Sofia,true,
2026-06-22T12:32:51,13,2026-06-22 12:38 Sofia,true,
2026-06-22T12:43:51,0,unknown,true,
2026-06-22T12:54:51,0,unknown,true,
2026-06-22T13:05:52,0,unknown,true,
2026-06-22T13:16:52,1,2026-06-22 18:12 Sofia,true,
2026-06-22T13:27:53,7,2026-06-22 18:12 Sofia,true,
2026-06-22T13:38:53,12,2026-06-22 18:12 Sofia,true,
2026-06-22T13:49:53,12,2026-06-22 18:12 Sofia,true,
2026-06-22T14:00:54,12,2026-06-22 18:12 Sofia,true,
2026-06-22T14:11:54,14,2026-06-22 18:12 Sofia,true,
2026-06-22T14:22:55,15,2026-06-22 18:12 Sofia,true,
2026-06-22T14:33:55,21,2026-06-22 18:12 Sofia,true,
2026-06-22T14:44:56,27,2026-06-22 18:12 Sofia,true,
2026-06-22T14:55:56,33,2026-06-22 18:12 Sofia,true,
2026-06-22T15:06:57,38,2026-06-22 18:12 Sofia,true,
2026-06-22T15:17:23,40,2026-06-22 18:12 Sofia,true,
2026-06-22T15:28:23,45,2026-06-22 18:12 Sofia,true,
2026-06-22T15:39:24,53,2026-06-22 18:12 Sofia,true,
2026-06-22T15:50:25,58,2026-06-22 18:12 Sofia,true,
2026-06-22T16:01:24,59,2026-06-22 18:12 Sofia,true,
2026-06-22T16:12:25,64,2026-06-22 18:12 Sofia,true,
2026-06-22T16:23:25,66,2026-06-22 18:12 Sofia,true,
2026-06-22T16:34:26,66,2026-06-22 18:12 Sofia,true,
2026-06-22T16:45:26,66,2026-06-22 18:12 Sofia,true,
2026-06-22T16:56:26,66,2026-06-22 18:12 Sofia,true,
2026-06-22T17:07:27,66,2026-06-22 18:12 Sofia,true,
2026-06-22T17:18:27,66,2026-06-22 18:12 Sofia,true,
2026-06-22T17:29:27,66,2026-06-22 18:12 Sofia,true,
2026-06-22T17:40:28,66,2026-06-22 18:12 Sofia,true,
2026-06-22T17:51:28,66,2026-06-22 18:12 Sofia,true,
2026-06-22T18:02:28,66,2026-06-22 18:12 Sofia,true,
2026-06-22T18:13:29,0,unknown,true,
2026-06-22T18:24:29,0,unknown,true,
2026-06-22T18:35:30,1,2026-06-22 23:31 Sofia,true,
2026-06-22T18:46:30,4,2026-06-22 23:31 Sofia,true,
2026-06-22T18:57:31,4,2026-06-22 23:31 Sofia,true,
2026-06-22T19:08:31,4,2026-06-22 23:31 Sofia,true,
2026-06-22T19:19:32,7,2026-06-22 23:31 Sofia,true,
2026-06-22T19:30:32,8,2026-06-22 23:31 Sofia,true,
2026-06-22T19:41:32,8,2026-06-22 23:31 Sofia,true,
2026-06-22T19:52:33,8,2026-06-22 23:31 Sofia,true,
2026-06-22T20:03:33,11,2026-06-22 23:31 Sofia,true,
2026-06-22T20:14:34,15,2026-06-22 23:31 Sofia,true,
2026-06-22T20:25:34,18,2026-06-22 23:31 Sofia,true,
2026-06-22T20:36:34,18,2026-06-22 23:31 Sofia,true,
2026-06-22T20:47:35,18,2026-06-22 23:31 Sofia,true,
2026-06-22T20:58:35,19,2026-06-22 23:31 Sofia,true,
2026-06-22T21:09:36,21,2026-06-22 23:31 Sofia,true,
2026-06-22T21:20:36,22,2026-06-22 23:31 Sofia,true,
2026-06-22T21:31:37,22,2026-06-22 23:31 Sofia,true,
2026-06-22T21:42:37,24,2026-06-22 23:31 Sofia,true,
2026-06-22T21:53:37,31,2026-06-22 23:31 Sofia,true,
